Código_Produto,Classificação,Subproduto,Local,
D_SuEq_NN_BR,Açúcar,Raw Sugar,Nordeste,
D_SuEq_Rp_BR,Açúcar,Raw Sugar,Ribeirão Preto,
D_SuLnEx_Sa_BR,Açúcar,,Santos,
D_SuLxEx_Sa_BR,Açúcar,LQW Color Max 150,Santos,
D_SuOgEx_Sa_BR,Açúcar,Organic Sugar,Santos,
D_SuPr_NN_BR,Açúcar,Raw Sugar,Nordeste,
D_SuPr_NN_BR_1,Açúcar,,Nordeste,
D_SuPr_Sp_BR,Açúcar,,São Paulo,
D_SuRaPr_Ko_TH,Açúcar,Raw Sugar,Tailândia,
D_SuVhEx_Sa_BR,Açúcar,VHP,Santos,
D_SuVhEx_Sa_BR_1,Açúcar,VHP,Santos,
D_SuVhPr_Sa_BR,Açúcar,VHP,Santos,
D_SuWtPm_GB,Açúcar,White Sugar,,
GuGuPr_Mu_IN,Açúcar,Gur,,
Pr_GB_40,Açúcar,,,
SCPr_Pr_BR,Açúcar,,Paraná,
SCPr_Pr_BR_1,Açúcar,,Paraná,
SCPr_Sp_BR_1,Açúcar,,São Paulo,
SCPr_Sp_BR_2,Açúcar,,São Paulo,
SCPr_Sp_BR_3,Açúcar,,São Paulo,
SCPr_Sp_BR_4,Açúcar,,São Paulo,
SCPr_Sp_BR_5,Açúcar,,São Paulo,
SCPr_Sp_BR_6,Açúcar,,São Paulo,
SuCbPr_Sp_BR,Açúcar,Crystal Bagged Sugar,São Paulo,
SuPr_AL_BR,Açúcar,Crystal Bagged Sugar,Alagoas,
SuPr_AL_BR_1,Açúcar,Crystal Bagged Sugar,Alagoas,
SuPr_CN_42,Açúcar,,China,
SuPr_PB_BR,Açúcar,Crystal Bagged Sugar,Paraíba,
SuPr_PE_BR,Açúcar,Crystal Bagged Sugar,Pernambuco,
SuPr_Rj_BR,Açúcar,Crystal Bagged Sugar,Rio de Janeiro,
SuPr_RU_41,Açúcar,,Rússia,
SuPr_Sa_BR,Açúcar,Crystal Bagged Sugar,Santos,
SuPr_Sp_BR,Açúcar,Crystal Bagged Sugar,São Paulo,
SuPr_Sp_BR_1,Açúcar,Crystal Bagged Sugar,São Paulo,
SuPr_WW,Açúcar,,,
SuRaPr_Ac_MX,Açúcar,Raw Sugar,México,
SuRaPr_Ag_MX,Açúcar,Raw Sugar,México,
SuRaPr_Al_MX,Açúcar,Raw Sugar,México,
SuRaPr_Ch_MX,Açúcar,Raw Sugar,México,
SuRaPr_Ch_MX_1,Açúcar,Raw Sugar,México,
SuRaPr_Co_MX,Açúcar,Raw Sugar,México,
SuRaPr_Co_MX_1,Açúcar,Raw Sugar,México,
SuRaPr_Cu_MX,Açúcar,Raw Sugar,México,
SuRaPr_Cu_MX_1,Açúcar,Raw Sugar,México,
SuRaPr_Du_MX,Açúcar,Raw Sugar,México,
SuRaPr_Ec_MX,Açúcar,Raw Sugar,México,
SuRaPr_Gu_MX,Açúcar,Raw Sugar,México,
SuRaPr_Gu_MX_1,Açúcar,Raw Sugar,México,
SuRaPr_He_MX,Açúcar,Raw Sugar,México,
SuRaPr_Iz_MX,Açúcar,Raw Sugar,México,
SuRaPr_Le_MX,Açúcar,Raw Sugar,México,
SuRaPr_Ma_MX,Açúcar,Raw Sugar,México,
SuRaPr_Me_MX,Açúcar,Raw Sugar,México,
SuRaPr_Mi_MX,Açúcar,Raw Sugar,México,
SuRaPr_Mo_MX,Açúcar,Raw Sugar,México,
SuRaPr_MX,Açúcar,Raw Sugar,México,
SuRaPr_Oa_MX,Açúcar,Raw Sugar,México,
SuRaPr_Pa_MX,Açúcar,Raw Sugar,México,
SuRaPr_Pe_MX,Açúcar,Raw Sugar,México,
SuRaPr_Po_MX,Açúcar,Raw Sugar,México,
SuRaPr_Pu_MX,Açúcar,Raw Sugar,México,
SuRaPr_Re_MX,Açúcar,Raw Sugar,México,
SuRaPr_Sa_MX,Açúcar,Raw Sugar,México,
SuRaPr_Sc_MX,Açúcar,Raw Sugar,México,
SuRaPr_Sl_MX,Açúcar,Raw Sugar,México,
SuRaPr_Sp_BR,Açúcar,Crystal Bagged Sugar,México,
SuRaPr_Sq_MX,Açúcar,Raw Sugar,México,
SuRaPr_Te_MX,Açúcar,Raw Sugar,México,
SuRaPr_Ti_MX,Açúcar,Raw Sugar,México,
SuRaPr_Ti_MX_1,Açúcar,Raw Sugar,México,
SuRaPr_To_MX,Açúcar,Raw Sugar,México,
SuRaPr_To_MX_1,Açúcar,Raw Sugar,México,
SuRaPr_Tu_MX,Açúcar,Raw Sugar,México,
SuRaPr_Vi_MX,Açúcar,Raw Sugar,México,
SuRaPr_Xa_MX,Açúcar,Raw Sugar,México,
SuRaPr_Za_MX,Açúcar,Raw Sugar,México,
SuSmPr_Dl_IN,Açúcar,Sugar M Grade,Índia,
SuSmPr_Ka_IN,Açúcar,Sugar M Grade,Índia,
SuSmPr_Ko_IN,Açúcar,Sugar M Grade,Índia,
SuSmPr_Ko_IN_1,Açúcar,Sugar M Grade,Índia,
SuSmPr_Mu_IN,Açúcar,Sugar M Grade,Índia,
SuSsPr_Ko_IN,Açúcar,Sugar S Grade,Índia,
SuVHP_SP_BR,Açúcar,Crystal Bagged Sugar,São Paulo,
SuW_SP_BR,Açúcar,Crystal Bagged Sugar,São Paulo,
SuWtPr_Ac_MX,Açúcar,White Sugar,México,
SuWtPr_Ag_MX,Açúcar,White Sugar,México,
SuWtPr_Al_MX,Açúcar,White Sugar,México,
SuWtPr_Ch_MX,Açúcar,White Sugar,México,
SuWtPr_Cu_MX,Açúcar,White Sugar,México,
SuWtPr_Du_MX,Açúcar,White Sugar,México,
SuWtPr_Ec_MX,Açúcar,White Sugar,México,
SuWtPr_Gu_MX,Açúcar,White Sugar,México,
SuWtPr_Gu_MX_1,Açúcar,White Sugar,México,
SuWtPr_Iz_MX,Açúcar,White Sugar,México,
SuWtPr_Me_MX,Açúcar,White Sugar,México,
SuWtPr_Mo_MX,Açúcar,White Sugar,México,
SuWtPr_MX,Açúcar,White Sugar,México,
SuWtPr_Pu_MX,Açúcar,White Sugar,México,
SuWtPr_Re_MX,Açúcar,White Sugar,México,
SuWtPr_Sa_MX,Açúcar,White Sugar,México,
SuWtPr_Sc_MX,Açúcar,White Sugar,México,
SuWtPr_Te_MX,Açúcar,White Sugar,México,
SuWtPr_Ti_MX,Açúcar,White Sugar,México,
SuWtPr_Ti_MX_1,Açúcar,White Sugar,México,
SuWtPr_To_MX,Açúcar,White Sugar,México,
SuWtPr_To_MX_1,Açúcar,White Sugar,México,
SuWtPr_Tu_MX,Açúcar,White Sugar,México,
TRPr_AL_BR,Açúcar,,Alagoas,
TRPr_AL_BR_1,Açúcar,,Alagoas,
TRPr_PB_BR,Açúcar,,Paraíba,
TRPr_PB_BR_1,Açúcar,,Paraíba,
TRPr_PE_BR,Açúcar,,Pernambuco,
TRPr_PE_BR_1,Açúcar,,Pernambuco,
TRPr_Pr_BR,Açúcar,,Paraná,
TRPr_Pr_BR_1,Açúcar,,Paraná,
TRPr_Sp_BR,Açúcar,,São Paulo,
TRPr_Sp_BR_1,Açúcar,,São Paulo,
CTPR_SD,Algodão,Cottonseed,,
CTPR_SDOI,Algodão,Cottonseed Oil,,
CTPR_SDOI_ME28,Algodão,Cottonseed,,
CTPR_SDOI_ME38,Algodão,Cottonseed,,
CTPR_SDOI_SR,Algodão,Cottonseed Oil,,
CtPr_Sp_BR,Algodão,,São Paulo,
D_CSPR_ARU_BR,Algodão,Cottonseed,Araçatuba,
D_CSPR_CHS_BR,Algodão,Cottonseed,Chapadão Do Sul,
D_CSPR_CNP_BR,Algodão,Cottonseed,Campo Novo Do Parecis,
D_CSPR_JTI_BR,Algodão,Cottonseed,Jataí,
D_CSPR_LEM_BR,Algodão,Cottonseed,Luiz Eduardo Magalhães,
D_CSPR_PRL_BR,Algodão,Cottonseed,Primavera Do Leste,
D_CSPR_ROO_BR,Algodão,Cottonseed,Rondonópolis,
D_CSPR_SMT_BR,Algodão,Cottonseed,Sorriso,
D_CSPR_SP_BR,Algodão,Cottonseed,São Paulo,
D_CSPR_SPZ_BR,Algodão,Cottonseed,Sapezal,
D_CSPR_UDI_BR,Algodão,Cottonseed,Uberlândia,
D_CTPR_ARU_BR,Algodão,Cotton,Araçatuba,
D_CTPR_CHS_BR,Algodão,Cotton,Chapadão Do Sul,
D_CTPR_CNP_BR,Algodão,Cotton,Campo Novo Do Parecis,
D_CTPR_JTI_BR,Algodão,Cotton,Jataí,
D_CTPR_LEM_BR,Algodão,Cotton,Luiz Eduardo Magalhães,
D_CTPR_PRL_BR,Algodão,Cotton,Primavera Do Leste,
D_CTPR_ROO_BR,Algodão,Cotton,Rondonópolis,
D_CTPR_SMT_BR,Algodão,Cotton,Sorriso,
D_CTPR_SP_BR,Algodão,Cotton,São Paulo,
D_CTPR_SPZ_BR,Algodão,Cotton,Sapezal,
D_CTPR_UDI_BR,Algodão,Cotton,Uberlândia,
RiDe_WW,Arroz,Rice,,
RiES_WW,Arroz,Rice,,
RiPd_WW,Arroz,Rice,,
RiPdPr_Rs_BR,Arroz,Rice,Rio Grande do Sul,
RIPR_BR,Arroz,Broken Rice,,
RIPR_ME,Arroz,Rice Bran,,
RIPR_ME_NONFT,Arroz,Rice Bran,,
RIPR_OI,Arroz,Rice Oil,,
RIPR_OICR,Arroz,Rice Oil,,
RiPr_TH,Arroz,Rice,Tailândia,
RiPr_WW,Arroz,Rice,,
SbPr_AR,Arroz,Soybean Grain,Argentina,
BDPR_AB,Biodiesel,Biodiesel,,
D_BdD4As_US_2018,Biodiesel,Biodiesel Rin D4,EUA,
D_BdD4As_US_2019,Biodiesel,Biodiesel Rin D4,EUA,
D_BdD4As_US_2020,Biodiesel,Biodiesel Rin D4,EUA,
D_BdD4As_US_2021,Biodiesel,Biodiesel Rin D4,EUA,
D_BdD4As_US_2022,Biodiesel,Biodiesel Rin D4,EUA,
D_BdD4As_US_2023,Biodiesel,Biodiesel Rin D4,EUA,
D_BdD4Bi_US_2018,Biodiesel,Biodiesel Rin D4,EUA,
D_BdD4Bi_US_2019,Biodiesel,Biodiesel Rin D4,EUA,
D_BdD4Bi_US_2020,Biodiesel,Biodiesel Rin D4,EUA,
D_BdD4Bi_US_2021,Biodiesel,Biodiesel Rin D4,EUA,
D_BdD4Bi_US_2022,Biodiesel,Biodiesel Rin D4,EUA,
D_BdD4Bi_US_2023,Biodiesel,Biodiesel Rin D4,EUA,
D_BdD4Pr_US_2018,Biodiesel,Biodiesel Rin D4,EUA,
D_BdD4Pr_US_2019,Biodiesel,Biodiesel Rin D4,EUA,
D_BdD4Pr_US_2020,Biodiesel,Biodiesel Rin D4,EUA,
D_BdD4Pr_US_2021,Biodiesel,Biodiesel Rin D4,EUA,
D_BdD4Pr_US_2022,Biodiesel,Biodiesel Rin D4,EUA,
D_BdD4Pr_US_2023,Biodiesel,Biodiesel Rin D4,EUA,
CfArPr_Sp_BR,Café,,São Paulo,
CfBaPr_EU,Café,Brazilian Natural Arabica,Europa,
CfBaPr_US,Café,Brazilian Natural Arabica,EUA,
CfBaPr_WW,Café,Brazilian Natural Arabica,,
CfC6Pr_Sp_BR,Café,,São Paulo,
CfCaPr_EU,Café,Colombian Mild Arabica,Europa,
CfCaPr_US,Café,Colombian Mild Arabica,EUA,
CfCaPr_WW,Café,Colombian Mild Arabica,,
CfOaPr_EU,Café,Other Mild Arabica,Europa,
CfOaPr_US,Café,Other Mild Arabica,EUA,
CfOaPr_WW,Café,Other Mild Arabica,,
CfPr_WW,Café,,,
CfRoPr_EU,Café,Robusta,Europa,
CfRoPr_US,Café,Robusta,EUA,
CfRoPr_WW,Café,Robusta,,
D_CBIO_CUMPRI,Carbono,Hydrous Ethanol,,
D_CBIO_META,Carbono,Hydrous Ethanol,,
D_CnAs_Ca_US,Carbono,Carbon,EUA,
D_CnAv_Ca_US,Carbono,Carbon,EUA,
D_CnBi_Ca_US,Carbono,Carbon,EUA,
D_ClD3As_US_2018,Celulose,Cellulosic RIN D3,EUA,
D_ClD3As_US_2019,Celulose,Cellulosic RIN D3,EUA,
D_ClD3As_US_2020,Celulose,Cellulosic RIN D3,EUA,
D_ClD3As_US_2021,Celulose,Cellulosic RIN D3,EUA,
D_ClD3As_US_2022,Celulose,Cellulosic RIN D3,EUA,
D_ClD3As_US_2023,Celulose,Cellulosic RIN D3,EUA,
D_ClD3Bi_US_2018,Celulose,Cellulosic RIN D3,EUA,
D_ClD3Bi_US_2019,Celulose,Cellulosic RIN D3,EUA,
D_ClD3Bi_US_2020,Celulose,Cellulosic RIN D3,EUA,
D_ClD3Bi_US_2021,Celulose,Cellulosic RIN D3,EUA,
D_ClD3Bi_US_2022,Celulose,Cellulosic RIN D3,EUA,
D_ClD3Bi_US_2023,Celulose,Cellulosic RIN D3,EUA,
D_ClD3Pr_US_2018,Celulose,Cellulosic RIN D3,EUA,
D_ClD3Pr_US_2019,Celulose,Cellulosic RIN D3,EUA,
D_ClD3Pr_US_2020,Celulose,Cellulosic RIN D3,EUA,
D_ClD3Pr_US_2021,Celulose,Cellulosic RIN D3,EUA,
D_ClD3Pr_US_2022,Celulose,Cellulosic RIN D3,EUA,
D_ClD3Pr_US_2023,Celulose,Cellulosic RIN D3,EUA,
EPPr_N_M_BR,Energia,All Types,Norte,
EPPr_N_W_BR,Energia,All Types,Norte,
EPPr_NE_M_BR,Energia,All Types,Nordeste,
EPPr_NE_W_BR,Energia,All Types,Nordeste,
EPPr_S_M_BR,Energia,All Types,Sul,
EPPr_S_W_BR,Energia,All Types,Sul,
EPPr_SW_M_BR,Energia,All Types,Sudeste,
EPPr_SW_W_BR,Energia,All Types,Sudeste,
D_EtAnEq_NN_BR,Etanol,Anhydrous Ethanol,Nordeste,
D_EtAnEq_Qu_BR,Etanol,Anhydrous Ethanol,Quirinópolis,
D_EtAnEq_Rp_BR,Etanol,Anhydrous Ethanol,Ribeirão Preto,
D_EtAnEx_Sa_BR,Etanol,Anhydrous Ethanol,Santos,
D_EtAnEx_Sa_BR_1,Etanol,Anhydrous Ethanol,Santos,
D_EtAnPr_Go_BR_1,Etanol,Anhydrous Ethanol,Goiás,
D_EtAnPr_Ms_BR,Etanol,Anhydrous Ethanol,Mato Grosso do Sul,
D_EtAnPr_NN_BR,Etanol,Anhydrous Ethanol,Nordeste,
D_EtAnPr_NN_BR_1,Etanol,Anhydrous Ethanol,Nordeste,
D_EtAnPr_Ou_BR,Etanol,Anhydrous Ethanol,Ourinhos,
D_EtAnPr_Pa_BR,Etanol,Anhydrous Ethanol,Paulínia,
D_EtAnPr_Pr_BR,Etanol,Anhydrous Ethanol,Paraná,
D_EtAnPr_Pr_BR_1,Etanol,Anhydrous Ethanol,Paraná,
D_EtAnPr_Rp_BR,Etanol,Anhydrous Ethanol,Ribeirão Preto,
D_EtAnPr_Sp_BR,Etanol,Anhydrous Ethanol,São Paulo,
D_EtAnPr_Sp_BR_1,Etanol,Anhydrous Ethanol,São Paulo,
D_EtD5As_US_2018,Etanol,Ethanol RIN D5,EUA,
D_EtD5As_US_2019,Etanol,Ethanol RIN D5,EUA,
D_EtD5As_US_2020,Etanol,Ethanol RIN D5,EUA,
D_EtD5As_US_2021,Etanol,Ethanol RIN D5,EUA,
D_EtD5As_US_2022,Etanol,Ethanol RIN D5,EUA,
D_EtD5As_US_2023,Etanol,Ethanol RIN D5,EUA,
D_EtD5Bi_US_2018,Etanol,Ethanol RIN D5,EUA,
D_EtD5Bi_US_2019,Etanol,Ethanol RIN D5,EUA,
D_EtD5Bi_US_2020,Etanol,Ethanol RIN D5,EUA,
D_EtD5Bi_US_2021,Etanol,Ethanol RIN D5,EUA,
D_EtD5Bi_US_2022,Etanol,Ethanol RIN D5,EUA,
D_EtD5Bi_US_2023,Etanol,Ethanol RIN D5,EUA,
D_EtD5Pr_US_2018,Etanol,Ethanol RIN D5,EUA,
D_EtD5Pr_US_2019,Etanol,Ethanol RIN D5,EUA,
D_EtD5Pr_US_2020,Etanol,Ethanol RIN D5,EUA,
D_EtD5Pr_US_2021,Etanol,Ethanol RIN D5,EUA,
D_EtD5Pr_US_2022,Etanol,Ethanol RIN D5,EUA,
D_EtD5Pr_US_2023,Etanol,Ethanol RIN D5,EUA,
D_EtHyEq_Go_BR,Etanol,Hydrous Ethanol,EUA,
D_EtHyEq_NN_BR,Etanol,Hydrous Ethanol,Nordeste,
D_EtHyEq_Rp_BR,Etanol,Hydrous Ethanol,Ribeirão Preto,
D_EtHyPr_Go_BR,Etanol,Hydrous Ethanol,Goiás,
D_EtHyPr_Go_BR_1,Etanol,Hydrous Ethanol,Goiás,
D_EtHyPr_Mg_BR,Etanol,Hydrous Ethanol,Minas Gerais,
D_EtHyPr_Mg_BR_1,Etanol,Hydrous Ethanol,Minas Gerais,
D_EtHyPr_Ms_BR,Etanol,Hydrous Ethanol,Mato Grosso do Sul,
D_EtHyPr_Ms_BR_1,Etanol,Hydrous Ethanol,Mato Grosso do Sul,
D_EtHyPr_NN_BR,Etanol,Hydrous Ethanol,Nordeste,
D_EtHyPr_NN_BR_1,Etanol,Hydrous Ethanol,Nordeste,
D_EtHYPr_Ou_BR,Etanol,Hydrous Ethanol,Ourinhos,
D_EtHYPr_Pa_BR,Etanol,Hydrous Ethanol,Paulínia,
D_EtHyPr_Pr_BR,Etanol,Hydrous Ethanol,Paraná,
D_EtHyPr_Pr_BR_1,Etanol,Hydrous Ethanol,Paraná,
D_EtHYPr_Rp_BR,Etanol,Hydrous Ethanol,Ribeirão Preto,
D_EtHyPr_Sp_BR,Etanol,Hydrous Ethanol,São Paulo,
D_EtHyPr_Sp_BR_1,Etanol,Hydrous Ethanol,São Paulo,
EtAnAs_Be_BR,Etanol,Anhydrous Ethanol,Betim,
EtAnAs_Be_BR_2,Etanol,Anhydrous Ethanol,Betim,
EtAnAs_Ca_BR_1,Etanol,Anhydrous Ethanol,Cabedelo,
EtAnAs_Fo_BR,Etanol,Anhydrous Ethanol,Fortaleza,
EtAnAs_Go_BR,Etanol,Anhydrous Ethanol,Goiânia,
EtAnAs_Gu_BR_1,Etanol,Anhydrous Ethanol,Guarulhos,
EtAnAs_Ou_BR_1,Etanol,Anhydrous Ethanol,Ourinhos,
EtAnAs_Pa_BR_1,Etanol,Anhydrous Ethanol,Paulínia,
EtAnAs_Rp_BR,Etanol,Anhydrous Ethanol,Ribeirão Preto,
EtAnAs_Sa_BR,Etanol,Anhydrous Ethanol,Salvador,
EtAnAs_Sl_BR,Etanol,Anhydrous Ethanol,São Luis,
EtAnAs_Su_BR_1,Etanol,Anhydrous Ethanol,Suape,
EtAnAs_Ub_BR,Etanol,Anhydrous Ethanol,Uberlândia,
EtAnAs_Vi_BR_1,Etanol,Anhydrous Ethanol,Vitória,
EtAnBi_Be_BR_1,Etanol,Anhydrous Ethanol,Belém,
EtAnBi_Be_BR_3,Etanol,Anhydrous Ethanol,Betim,
EtAnBi_Ca_BR_1,Etanol,Anhydrous Ethanol,Cabedelo,
EtAnBi_Fo_BR_1,Etanol,Anhydrous Ethanol,Fortaleza,
EtAnBi_Go_BR_1,Etanol,Anhydrous Ethanol,Goiânia,
EtAnBi_Gu_BR_1,Etanol,Anhydrous Ethanol,Guarulhos,
EtAnBi_Ou_BR_1,Etanol,Anhydrous Ethanol,Ourinhos,
EtAnBi_Pa_BR_1,Etanol,Anhydrous Ethanol,Paulínia,
EtAnBi_Rp_BR,Etanol,Anhydrous Ethanol,Ribeirão Preto,
EtAnBi_Sa_BR,Etanol,Anhydrous Ethanol,Salvador,
EtAnBi_Sl_BR,Etanol,Anhydrous Ethanol,São Luis,
EtAnBi_Su_BR_1,Etanol,Anhydrous Ethanol,Suape,
EtAnBi_Ub_BR,Etanol,Anhydrous Ethanol,Uberlândia,
EtAnBi_Vi_BR_1,Etanol,Anhydrous Ethanol,Vitoria,
EtAnPr_Al_BR,Etanol,Anhydrous Ethanol,Alagoas,
EtAnPr_Be_BR,Etanol,Anhydrous Ethanol,Betim,
EtAnPr_Be_BR_1,Etanol,Anhydrous Ethanol,Belém,
EtAnPr_Ca_BR,Etanol,Anhydrous Ethanol,Cabedelo,
EtAnPr_CS_BR,Etanol,Anhydrous Ethanol,Centro-Sul,
EtAnPr_Fo_BR,Etanol,Anhydrous Ethanol,Fortaleza,
ETANPR_GC_SAN_BR,Etanol,Anhydrous Ethanol,Santos,
EtAnPr_Go_BR,Etanol,Anhydrous Ethanol,Goiânia,
EtAnPr_Go_BR_1,Etanol,Anhydrous Ethanol,Goiás,
EtAnPr_Gu_BR,Etanol,Anhydrous Ethanol,Guarulhos,
EtAnPr_Mt_BR,Etanol,Anhydrous Ethanol,Mato Grosso,
EtAnPr_NN_BR,Etanol,Anhydrous Ethanol,Norte-Nordeste,
EtAnPr_Ou_BR,Etanol,Anhydrous Ethanol,Ourinhos,
EtAnPr_Pa_BR,Etanol,Anhydrous Ethanol,Paulínia,
EtAnPr_Pe_BR,Etanol,Anhydrous Ethanol,Pernambuco,
EtAnPr_Rp_BR,Etanol,Anhydrous Ethanol,Ribeirão Preto,
EtAnPr_Sa_BR,Etanol,Anhydrous Ethanol,Salvador,
EtAnPr_Sl_BR,Etanol,Anhydrous Ethanol,São Luis,
EtAnPr_Sp_BR,Etanol,Anhydrous Ethanol,São Paulo,
EtAnPr_Sp_BR_1,Etanol,Anhydrous Ethanol,São Paulo,
EtAnPr_Su_BR,Etanol,Anhydrous Ethanol,Suape,
EtAnPr_Ub_BR,Etanol,Anhydrous Ethanol,Uberlândia,
EtAnPr_Vi_BR,Etanol,Anhydrous Ethanol,Vitória,
EtAoPr_Sp_BR,Etanol,Anhydrous Ethanol,São Paulo,
EtHoPr_Sp_BR,Etanol,Hydrous Ethanol,São Paulo,
EtHoPr_Sp_BR_1,Etanol,Hydrous Ethanol,São Paulo,
EtHyAs_Be_BR,Etanol,Hydrous Ethanol,Betim,
EtHyAs_Be_BR_1,Etanol,Hydrous Ethanol,Belém,
EtHyAs_Ca_BR_1,Etanol,Hydrous Ethanol,Cabedelo,
EtHyAs_Fo_BR_1,Etanol,Hydrous Ethanol,Fortaleza,
EtHyAs_Go_BR,Etanol,Hydrous Ethanol,Goiânia,
EtHyAs_Gu_BR_1,Etanol,Hydrous Ethanol,Guarulhos,
EtHyAs_Ou_BR_1,Etanol,Hydrous Ethanol,Ourinhos,
EtHyAs_Pa_BR_1,Etanol,Hydrous Ethanol,Paulínia,
EtHyAs_Rp_BR,Etanol,Hydrous Ethanol,Ribeirão Preto,
EtHyAs_Sa_BR_1,Etanol,Hydrous Ethanol,Salvador,
EtHyAs_Sl_BR_1,Etanol,Hydrous Ethanol,São Luis,
EtHyAs_Su_BR_1,Etanol,Hydrous Ethanol,Suape,
EtHyAs_Ub_BR,Etanol,Hydrous Ethanol,Uberlândia,
EtHyAs_Vi_BR_1,Etanol,Hydrous Ethanol,Vitória,
EtHyBi_Be_BR,Etanol,Hydrous Ethanol,Betim,
EtHyBi_Be_BR_1,Etanol,Hydrous Ethanol,Belém,
EtHyBi_Ca_BR,Etanol,Hydrous Ethanol,Cabedelo,
EtHyBi_Fo_BR_1,Etanol,Hydrous Ethanol,Fortaleza,
EtHyBi_Go_BR,Etanol,Hydrous Ethanol,Goiânia,
EtHyBi_Gu_BR_1,Etanol,Hydrous Ethanol,Guarulhos,
EtHyBi_Ou_BR_1,Etanol,Hydrous Ethanol,Ourinhos,
EtHyBi_Pa_BR_1,Etanol,Hydrous Ethanol,Paulínia,
EtHyBi_Rp_BR,Etanol,Hydrous Ethanol,Ribeirão Preto,
EtHyBi_Sa_BR,Etanol,Hydrous Ethanol,Salvador,
EtHyBi_Sl_BR,Etanol,Hydrous Ethanol,São Luis,
EtHyBi_Su_BR_1,Etanol,Hydrous Ethanol,Suape,
EtHyBi_Ub_BR,Etanol,Hydrous Ethanol,Uberlândia,
EtHyPr_Al_BR,Etanol,Hydrous Ethanol,Alagoas,
EtHyPr_Be_BR,Etanol,Hydrous Ethanol,Belém,
EtHyPr_Be_BR_1,Etanol,Hydrous Ethanol,Betim,
EtHyPr_Ca_BR,Etanol,Hydrous Ethanol,Cabedelo,
EtHyPr_CS_BR,Etanol,Hydrous Ethanol,Centro-Sul,
EtHyPr_Fo_BR,Etanol,Hydrous Ethanol,Fortaleza,
ETHYPR_GC_GC_US,Etanol,Hydrous Ethanol,Golfo,
ETHYPR_GC_PNW_US,Etanol,Hydrous Ethanol,,
ETHYPR_GC_SAN_BR,Etanol,Hydrous Ethanol,Santos,
EtHyPr_Go_BR,Etanol,Hydrous Ethanol,Goiânia,
EtHyPr_Go_BR_1,Etanol,Hydrous Ethanol,Goiás,
EtHyPr_Go_BR_2,Etanol,Hydrous Ethanol,Goiás,
EtHyPr_Gu_BR,Etanol,Hydrous Ethanol,Guarulhos,
EtHyPr_Mt_BR,Etanol,Hydrous Ethanol,Mato Grosso,
EtHyPr_NN_BR,Etanol,Hydrous Ethanol,Norte-Nordeste,
EtHyPr_Ou_BR,Etanol,Hydrous Ethanol,Ourinhos,
EtHyPr_Pa_BR,Etanol,Hydrous Ethanol,Paulínia,
EtHyPr_Pa_BR_1,Etanol,Anhydrous Ethanol,Paulínia,
EtHyPr_Pe_BR,Etanol,Hydrous Ethanol,Pernambuco,
EtHyPr_Rp_BR,Etanol,Hydrous Ethanol,Ribeirão Preto,
EtHyPr_Sa_BR,Etanol,Hydrous Ethanol,Salvador,
EtHyPr_Sl_BR,Etanol,Hydrous Ethanol,São Luis,
EtHyPr_Sp_BR_1,Etanol,Hydrous Ethanol,São Paulo,
EtHyPr_Sp_BR_2,Etanol,Hydrous Ethanol,São Paulo,
EtHyPr_Su_BR,Etanol,Hydrous Ethanol,Suape,
EtHyPr_Vi_BR,Etanol,Hydrous Ethanol,Vitória,
EtPr_Ac_BR,Etanol,,Acre,
EtPr_Ac_BR_2,Etanol,,Acre,
EtPr_Al_BR,Etanol,,Alagoas,
EtPr_Al_BR_2,Etanol,,Alagoas,
EtPr_Am_BR_1,Etanol,,Amazonas,
EtPr_Am_BR_3,Etanol,,Amazonas,
EtPr_Ap_BR,Etanol,,Amapá,
EtPr_Ap_BR_3,Etanol,,Amapá,
EtPr_Ba_BR,Etanol,,Bahia,
EtPr_Ba_BR_2,Etanol,,Bahia,
EtPr_BR_3,Etanol,,,
EtPr_Ca_BR,Etanol,,Santa Catarina,
EtPr_Ca_BR_2,Etanol,,Santa Catarina,
EtPr_Ce_BR,Etanol,,Ceará,
EtPr_Ce_BR_3,Etanol,,Ceará,
EtPr_Df_BR_1,Etanol,,Distrito Federal,
EtPr_Df_BR_3,Etanol,,Distrito Federal,
EtPr_Es_BR_1,Etanol,,Espírito Santo,
EtPr_Es_BR_2,Etanol,,Espírito Santo,
EtPr_Go_BR_3,Etanol,,Goiás,
EtPr_Go_BR_4,Etanol,,Goiás,
EtPr_Ma_BR_3,Etanol,,Maranhão,
EtPr_Ma_BR_7,Etanol,,Maranhão,
EtPr_Mg_BR_1,Etanol,,Minas Gerais,
EtPr_Mg_BR_3,Etanol,,Minas Gerais,
EtPr_Ms_BR_1,Etanol,,Mato Grosso do Sul,
EtPr_Ms_BR_3,Etanol,,Mato Grosso do Sul,
EtPr_Mt_BR_1,Etanol,,Mato Grosso,
EtPr_Mt_BR_3,Etanol,,Mato Grosso,
EtPr_Pb_BR_1,Etanol,,Paraíba,
EtPr_Pb_BR_2,Etanol,,Paraíba,
EtPr_Pe_BR_1,Etanol,,Pernambuco,
EtPr_Pe_BR_3,Etanol,,Pernambuco,
EtPr_Pi_BR_2,Etanol,,Piauí,
EtPr_Pi_BR_3,Etanol,,Piauí,
EtPr_Pr_BR,Etanol,,Paraná,
EtPr_Pr_BR_2,Etanol,,Paraná,
EtPr_Pr_BR_4,Etanol,,Pará,
EtPr_Pr_BR_6,Etanol,,Pará,
EtPr_Rj_BR_2,Etanol,,Rio de Janeiro,
EtPr_Rj_BR_5,Etanol,,Rio de Janeiro,
EtPr_Rn_BR_2,Etanol,,Rio Grande do Norte,
EtPr_Rn_BR_3,Etanol,,Rio Grande do Norte,
EtPr_Ro_BR,Etanol,,Rondônia,
EtPr_Ro_BR_3,Etanol,,Rondônia,
EtPr_Rr_BR,Etanol,,Roraima,
EtPr_Rr_BR_3,Etanol,,Roraima,
EtPr_Rs_BR_1,Etanol,,Rio Grande do Sul,
EtPr_Rs_BR_3,Etanol,,Rio Grande do Sul,
EtPr_Se_BR,Etanol,,Sergipe,
EtPr_Se_BR_3,Etanol,,Sergipe,
EtPr_Sp_BR_3,Etanol,,São Paulo,
EtPr_Sp_BR_5,Etanol,,São Paulo,
EtPr_To_BR,Etanol,,Tocantins,
EtPr_To_BR_3,Etanol,,Tocantins,
D_GAPR_BR_2,Gasolina,Gasoline,,
D_GAPR_BR_3,Gasolina,Gasoline,,
D_GEPr_Ro_NL,Gasolina,Gasoline,Holanda,
GaCvPr_Gc_US,Gasolina,Conventional,Golfo,
GaCvPr_Ne_US,Gasolina,Conventional,Nova Iorque,
GaPr_Ac_BR,Gasolina,Gasoline,Acre,
GaPr_Ac_BR_3,Gasolina,Gasoline,Acre,
GaPr_Al_BR_1,Gasolina,Gasoline,Alagoas,
GaPr_Al_BR_3,Gasolina,Gasoline,Alagoas,
GaPr_Am_BR_1,Gasolina,Gasoline,Amazonas,
GaPr_Am_BR_3,Gasolina,Gasoline,Amazonas,
GaPr_Ap_BR_1,Gasolina,Gasoline,Amapá,
GaPr_Ap_BR_2,Gasolina,Gasoline,Amapá,
GAPR_ARA_PR_BR,Gasolina,Gasoline,Araucária,
GaPr_Ba_BR_1,Gasolina,Gasoline,Bahia,
GaPr_Ba_BR_2,Gasolina,Gasoline,Bahia,
GAPR_BAR_SP_BR,Gasolina,Gasoline,Barueri,
GAPR_BEL_PA_BR,Gasolina,Gasoline,Belém,
GAPR_BIG_SC_BR,Gasolina,Gasoline,Biguaçu,
GaPr_BR_3,Gasolina,Gasoline,,
GAPR_BSB_DF_BR,Gasolina,Gasoline,Distrito Federal,
GaPr_Ca_BR,Gasolina,Gasoline,Santa Catarina,
GaPr_Ca_BR_2,Gasolina,Gasoline,Santa Catarina,
GAPR_CAB_PB_BR,Gasolina,Gasoline,Cabedelo,
GAPR_CAN_BA_BR,Gasolina,Gasoline,Candeias,
GAPR_CAN_RS_BR,Gasolina,Gasoline,Canoas,
GaPr_Ce_BR,Gasolina,Gasoline,Ceará,
GaPr_Ce_BR_2,Gasolina,Gasoline,Ceará,
GAPR_CUB_SP_BR,Gasolina,Gasoline,Cubatão,
GaPr_Df_BR_1,Gasolina,Gasoline,Distrito Federal,
GaPr_Df_BR_2,Gasolina,Gasoline,Distrito Federal,
GAPR_DUQ_RJ_BR,Gasolina,Gasoline,Caxias,
GaPr_Es_BR,Gasolina,Gasoline,Espírito Santo,
GaPr_Es_BR_2,Gasolina,Gasoline,Espírito Santo,
GAPR_FOR_CE_BR,Gasolina,Gasoline,Fortaleza,
GAPR_GC_GC_US,Gasolina,Gasoline,Golfo,
GaPr_Go_BR,Gasolina,Gasoline,Goiás,
GaPr_Go_BR_4,Gasolina,Gasoline,Goiás,
GAPR_GRU_SP_BR,Gasolina,Gasoline,Guarulhos,
GAPR_GUA_RN_BR,Gasolina,Gasoline,Guamaré,
GAPR_GUA_SC_BR,Gasolina,Gasoline,Guamirim,
GAPR_IPO_PE_BR,Gasolina,Gasoline,Ipojuca,
GAPR_ITA_AM_BR,Gasolina,Gasoline,Itacoatiara,
GAPR_ITA_SC_BR,Gasolina,Gasoline,Itajaí,
GAPR_ITN_BA_BR,Gasolina,Gasoline,Itabuna,
GAPR_JEQ_BA_BR,Gasolina,Gasoline,Jequié,
GaPr_Ma_BR_1,Gasolina,Gasoline,Maranhão,
GaPr_Ma_BR_5,Gasolina,Gasoline,Maranhão,
GAPR_MAO_AM_BR,Gasolina,Gasoline,Manaus,
GAPR_MCZ_AL_BR,Gasolina,Gasoline,Maceió,
GaPr_Mg_BR,Gasolina,Gasoline,Minas Gerais,
GaPr_Mg_BR_3,Gasolina,Gasoline,Minas Gerais,
GaPr_Ms_BR,Gasolina,Gasoline,Mato Grosso do Sul,
GaPr_Ms_BR_2,Gasolina,Gasoline,Mato Grosso do Sul,
GaPr_Mt_BR_1,Gasolina,Gasoline,Mato Grosso,
GaPr_Mt_BR_2,Gasolina,Gasoline,Mato Grosso,
GAPR_PAU_SP_BR,Gasolina,Gasoline,Paulínia,
GaPr_Pb_BR_1,Gasolina,Gasoline,Paraíba,
GaPr_Pb_BR_2,Gasolina,Gasoline,Paraíba,
GaPr_Pe_BR,Gasolina,Gasoline,Pernambuco,
GaPr_Pe_BR_3,Gasolina,Gasoline,Pernambuco,
GaPr_Pi_BR_1,Gasolina,Gasoline,Piauí,
GaPr_Pi_BR_3,Gasolina,Gasoline,Piauí,
GaPr_Pr_BR_2,Gasolina,Gasoline,Pará,
GaPr_Pr_BR_3,Gasolina,Gasoline,Paraná,
GaPr_Pr_BR_5,Gasolina,Gasoline,Paraná,
GaPr_Pr_BR_7,Gasolina,Gasoline,Pará,
GAPR_QBK_MG_BR,Gasolina,Gasoline,Betim,
GAPR_RAO_SP_BR,Gasolina,Gasoline,Ribeirão Preto,
GaPr_Rj_BR_1,Gasolina,Gasoline,Rio de Janeiro,
GaPr_Rj_BR_5,Gasolina,Gasoline,Rio de Janeiro,
GaPr_Rn_BR,Gasolina,Gasoline,Rio Grande do Norte,
GaPr_Rn_BR_2,Gasolina,Gasoline,Rio Grande do Norte,
GaPr_Ro_BR,Gasolina,Gasoline,Rondônia,
GaPr_Ro_BR_3,Gasolina,Gasoline,Rondônia,
GaPr_Rr_BR_1,Gasolina,Gasoline,Roraima,
GaPr_Rr_BR_2,Gasolina,Gasoline,Roraima,
GaPr_Rs_BR_1,Gasolina,Gasoline,Rio Grande do Sul,
GaPr_Rs_BR_2,Gasolina,Gasoline,Rio Grande do Sul,
GAPR_SCA_GO_BR,Gasolina,Gasoline,Senador Canedo,
GAPR_SCS_SP_BR,Gasolina,Gasoline,São Caetano do Sul,
GaPr_Se_BR,Gasolina,Gasoline,Sergipe,
GaPr_Se_BR_2,Gasolina,Gasoline,Sergipe,
GAPR_SFC_BA_BR,Gasolina,Gasoline,São Francisco do Conde,
GAPR_SJK_SP_BR,Gasolina,Gasoline,São José dos Campos,
GAPR_SLZ_MA_BR,Gasolina,Gasoline,São Luís,
GaPr_Sp_BR,Gasolina,Gasoline,Sao Paulo,
GaPr_Sp_BR_4,Gasolina,Gasoline,Sao Paulo,
GaPr_To_BR,Gasolina,Gasoline,Tocantins,
GaPr_To_BR_2,Gasolina,Gasoline,Tocantins,
GAPR_UBA_MG_BR,Gasolina,Gasoline,Uberaba,
GAPR_UDI_MG_BR,Gasolina,Gasoline,Uberlândia,
GAPR_VIV_ES_BR,Gasolina,Gasoline,Vila Velha,
GAPR_VIX_ES_BR,Gasolina,Gasoline,Vitória,
GAPR_VOL_RJ_BR,Gasolina,Gasoline,Volta Redonda,
GaRbPr_La_US,Gasolina,Rbob,,
KeJfPr_Gc_US,Gasolina,Jet Fuel,,
ALPR_OI,Grãos,,,
BrDe_WW,Grãos,Barley,,
BrES_WW,Grãos,Barley,,
BrPd_WW,Grãos,Barley,,
BrPr_EU,Grãos,Barley,Europa,
BrPr_WW,Grãos,Barley,,
GnFr_BREu_BR,Grãos,Soybean Grain,Europa,
GnFr_USEu_US,Grãos,Soybean Grain,Europa,
GnFr_USJP_US,Grãos,Soybean Grain,Japão,
LNPR_SDOI,Grãos,,,
LNPR_SDOI_R,Grãos,,,
PEPR_ME,Grãos,,,
PEPR_OI,Grãos,,,
SEPR_OI,Grãos,,,
SFPR_ME,Grãos,,,
SFPR_OI,Grãos,,,
SFPR_OI_R,Grãos,,,
SGPR,Grãos,,,
CoCyPr_SpCa_BR,Milho,Corn Grain,Campinas,
CoDe_WW,Milho,Corn Grain,,
CoES_WW,Milho,Corn Grain,,
CoPd_WW,Milho,Corn Grain,,
COPR,Milho,Corn Grain,,
COPR_BR,Milho,Corn Grain,,
COPR_GE,Milho,Corn Grain,,
COPR_OI,Milho,Corn Oil,,
COPR_OI_R,Milho,Corn Oil,,
COPR_SC,Milho,Corn Starch,,
CoPr_US,Milho,Corn Grain,,
CoPr_WW,Milho,Corn Grain,,
D_CO_PM_GMX_US_F,Milho,Corn Grain,Golfo do México,
D_CO_PM_GMX_US_G,Milho,Corn Grain,Golfo do México,
D_CO_PM_GMX_US_H,Milho,Corn Grain,Golfo do México,
D_CO_PM_GMX_US_J,Milho,Corn Grain,Golfo do México,
D_CO_PM_GMX_US_K,Milho,Corn Grain,Golfo do México,
D_CO_PM_GMX_US_M,Milho,Corn Grain,Golfo do México,
D_CO_PM_GMX_US_N,Milho,Corn Grain,Golfo do México,
D_CO_PM_GMX_US_Q,Milho,Corn Grain,Golfo do México,
D_CO_PM_GMX_US_U,Milho,Corn Grain,Golfo do México,
D_CO_PM_GMX_US_V,Milho,Corn Grain,Golfo do México,
D_CO_PM_GMX_US_X,Milho,Corn Grain,Golfo do México,
D_CO_PM_GMX_US_Z,Milho,Corn Grain,Golfo do México,
D_CO_PM_ROS_AR_F,Milho,Corn Grain,Rosario,
D_CO_PM_ROS_AR_G,Milho,Corn Grain,Rosario,
D_CO_PM_ROS_AR_H,Milho,Corn Grain,Rosario,
D_CO_PM_ROS_AR_J,Milho,Corn Grain,Rosario,
D_CO_PM_ROS_AR_K,Milho,Corn Grain,Rosario,
D_CO_PM_ROS_AR_M,Milho,Corn Grain,Rosario,
D_CO_PM_ROS_AR_N,Milho,Corn Grain,Rosario,
D_CO_PM_ROS_AR_Q,Milho,Corn Grain,Rosario,
D_CO_PM_ROS_AR_U,Milho,Corn Grain,Rosario,
D_CO_PM_ROS_AR_V,Milho,Corn Grain,Rosario,
D_CO_PM_ROS_AR_X,Milho,Corn Grain,Rosario,
D_CO_PM_ROS_AR_Z,Milho,Corn Grain,Rosario,
D_COFW_BSS_BR,Milho,Corn Grain,Balsas,
D_COFW_BVH_BR,Milho,Corn Grain,Vilhena,
D_COFW_CAC_BR,Milho,Corn Grain,Cascavel,
D_COFW_CAM_BR,Milho,Corn Grain,Campinas,
D_COFW_CGR_BR,Milho,Corn Grain,Campo Grande,
D_COFW_CHS_BR,Milho,Corn Grain,Chapadão Do Sul,
D_COFW_CMN_BR,Milho,Corn Grain,Campos Novos,
D_COFW_CMV_BR,Milho,Corn Grain,Campo Verde,
D_COFW_CNM_BR,Milho,Corn Grain,Cândido Mota,
D_COFW_CNP_BR,Milho,Corn Grain,Campo Novo Do Parecis,
D_COFW_CNR_BR,Milho,Corn Grain,Canarana,
D_COFW_CZA_BR,Milho,Corn Grain,Cruz Alta,
D_COFW_DMT_BR,Milho,Corn Grain,Diamantino,
D_COFW_DOU_BR,Milho,Corn Grain,Dourados,
D_COFW_FOR_BR,Milho,Corn Grain,Formosa,
D_COFW_GPB_BR,Milho,Corn Grain,Guarapuava,
D_COFW_GRP_BR,Milho,Corn Grain,Gurupi,
D_COFW_IRM_BR,Milho,Corn Grain,Iraí De Minas,
D_COFW_ITI_BR,Milho,Corn Grain,Itiquira,
D_COFW_ITV_BR,Milho,Corn Grain,Itapeva,
D_COFW_LAZ_BR,Milho,Corn Grain,Bom Jesus,
D_COFW_LDB_BR,Milho,Corn Grain,Londrina,
D_COFW_LEM_BR,Milho,Corn Grain,Luiz Eduardo Magalhães,
D_COFW_LRV_BR,Milho,Corn Grain,Lucas Do Rio Verde,
D_COFW_MFR_BR,Milho,Corn Grain,Mafra,
D_COFW_MGF_BR,Milho,Corn Grain,Maringá,
D_COFW_MRC_BR,Milho,Corn Grain,Maracaju,
D_COFW_OPS_BR,Milho,Corn Grain,Sinop,
D_COFW_ORL_BR,Milho,Corn Grain,Orlândia,
D_COFW_PAV_BR,Milho,Corn Grain,Paulo Afonso,
D_COFW_PBR_BR,Milho,Corn Grain,Pato Branco,
D_COFW_PDA_BR,Milho,Corn Grain,Pedro Afonso,
D_COFW_PFB_BR,Milho,Corn Grain,Passo Fundo,
D_COFW_PGZ_BR,Milho,Corn Grain,Ponta Grossa,
D_COFW_PLT_BR,Milho,Corn Grain,Palotina,
D_COFW_PMG_BR,Milho,Corn Grain,Ponta Porã,
D_COFW_PNB_BR,Milho,Corn Grain,Porto Nacional,
D_COFW_PNG_BR,Milho,Corn Grain,Paranaguá,
D_COFW_PRG_BR,Milho,Corn Grain,Paragominas,
D_COFW_PRL_BR,Milho,Corn Grain,Primavera Do Leste,
D_COFW_PTR_BR,Milho,Corn Grain,Patrocínio,
D_COFW_QRN_BR,Milho,Corn Grain,Querência,
D_COFW_ROO_BR,Milho,Corn Grain,Rondonópolis,
D_COFW_RVD_BR,Milho,Corn Grain,Rio Verde,
D_COFW_SAN_BR,Milho,Corn Grain,Santos,
D_COFW_SGO_BR,Milho,Corn Grain,São Gabriel Do Oeste,
D_COFW_SMT_BR,Milho,Corn Grain,Sorriso,
D_COFW_SPZ_BR,Milho,Corn Grain,Sapezal,
D_COFW_SRS_BR,Milho,Corn Grain,Santa Rosa,
D_COFW_UDI_BR,Milho,Corn Grain,Uberlândia,
D_COFW_UNB_BR,Milho,Corn Grain,Unaí,
D_COFW_URC_BR,Milho,Corn Grain,Uruçuí,
D_COFW_XAP_BR,Milho,Corn Grain,Chapecó,
D_COPM_PNG_BR_F,Milho,Corn Grain,Paranaguá,
D_COPM_PNG_BR_N,Milho,Corn Grain,Paranaguá,
D_COPM_PNG_BR_Q,Milho,Corn Grain,Paranaguá,
D_COPM_PNG_BR_U,Milho,Corn Grain,Paranaguá,
D_COPM_PNG_BR_V,Milho,Corn Grain,Paranaguá,
D_COPM_PNG_BR_X,Milho,Corn Grain,Paranaguá,
D_COPM_PNG_BR_Z,Milho,Corn Grain,Paranaguá,
D_COPM_SAN_BR,Milho,Corn Grain,Santos,
D_COPM_SAN_BR_F,Milho,Corn Grain,Santos,
D_COPM_SAN_BR_G,Milho,Corn Grain,Santos,
D_COPM_SAN_BR_H,Milho,Corn Grain,Santos,
D_COPM_SAN_BR_J,Milho,Corn Grain,Santos,
D_COPM_SAN_BR_K,Milho,Corn Grain,Santos,
D_COPM_SAN_BR_M,Milho,Corn Grain,Santos,
D_COPM_SAN_BR_N,Milho,Corn Grain,Santos,
D_COPM_SAN_BR_Q,Milho,Corn Grain,Santos,
D_COPM_SAN_BR_U,Milho,Corn Grain,Santos,
D_COPM_SAN_BR_V,Milho,Corn Grain,Santos,
D_COPM_SAN_BR_X,Milho,Corn Grain,Santos,
D_COPM_SAN_BR_Z,Milho,Corn Grain,Santos,
D_COPR_BSS_BR,Milho,Corn Grain,Balsas,
D_COPR_BVH_BR,Milho,Corn Grain,Vilhena,
D_COPR_CAC_BR,Milho,Corn Grain,Cascavel,
D_COPR_CAM_BR,Milho,Corn Grain,Campinas,
D_COPR_CGR_BR,Milho,Corn Grain,Campo Grande,
D_COPR_CHS_BR,Milho,Corn Grain,Chapadão Do Sul,
D_COPR_CMN_BR,Milho,Corn Grain,Campos Novos,
D_COPR_CMV_BR,Milho,Corn Grain,Campo Verde,
D_COPR_CNM_BR,Milho,Corn Grain,Cândido Mota,
D_COPR_CNP_BR,Milho,Corn Grain,Campo Novo Do Parecis,
D_COPR_CNR_BR,Milho,Corn Grain,Canarana,
D_COPR_CZA_BR,Milho,Corn Grain,Cruz Alta,
D_COPR_DMT_BR,Milho,Corn Grain,Diamantino,
D_COPR_DOU_BR,Milho,Corn Grain,Dourados,
D_COPR_FOR_BR,Milho,Corn Grain,Formosa,
D_COPR_GPB_BR,Milho,Corn Grain,Guarapuava,
D_COPR_GRP_BR,Milho,Corn Grain,Gurupi,
D_COPR_IRM_BR,Milho,Corn Grain,Iraí De Minas,
D_COPR_ITI_BR,Milho,Corn Grain,Itiquira,
D_COPR_ITV_BR,Milho,Corn Grain,Itapeva,
D_COPR_LAZ_BR,Milho,Corn Grain,Bom Jesus,
D_COPR_LDB_BR,Milho,Corn Grain,Londrina,
D_COPR_LEM_BR,Milho,Corn Grain,Luiz Eduardo Magalhães,
D_COPR_LRV_BR,Milho,Corn Grain,Lucas Do Rio Verde,
D_COPR_MFR_BR,Milho,Corn Grain,Mafra,
D_COPR_MGF_BR,Milho,Corn Grain,Maringá,
D_COPR_MRC_BR,Milho,Corn Grain,Maracaju,
D_COPR_OPS_BR,Milho,Corn Grain,Sinop,
D_COPR_ORL_BR,Milho,Corn Grain,Orlândia,
D_COPR_PBR_BR,Milho,Corn Grain,Pato Branco,
D_COPR_PDA_BR,Milho,Corn Grain,Pedro Afonso,
D_COPR_PFB_BR,Milho,Corn Grain,Passo Fundo,
D_COPR_PGZ_BR,Milho,Corn Grain,Ponta Grossa,
D_COPR_PLT_BR,Milho,Corn Grain,Palotina,
D_COPR_PMG_BR,Milho,Corn Grain,Ponta Porã,
D_COPR_PNB_BR,Milho,Corn Grain,Porto Nacional,
D_COPR_PNG_BR,Milho,Corn Grain,Paranaguá,
D_COPR_PRG_BR,Milho,Corn Grain,Paragominas,
D_COPR_PRL_BR,Milho,Corn Grain,Primavera Do Leste,
D_COPR_PTR_BR,Milho,Corn Grain,Patrocínio,
D_COPR_QRN_BR,Milho,Corn Grain,Querência,
D_COPR_ROO_BR,Milho,Corn Grain,Rondonópolis,
D_COPR_RVD_BR,Milho,Corn Grain,Rio Verde,
D_COPR_SAN_BR,Milho,Corn Grain,Santos,
D_COPR_SGO_BR,Milho,Corn Grain,São Gabriel Do Oeste,
D_COPR_SMT_BR,Milho,Corn Grain,Sorriso,
D_COPR_SPZ_BR,Milho,Corn Grain,Sapezal,
D_COPR_SRS_BR,Milho,Corn Grain,Santa Rosa,
D_COPR_UDI_BR,Milho,Corn Grain,Uberlândia,
D_COPR_UNB_BR,Milho,Corn Grain,Unaí,
D_COPR_URC_BR,Milho,Corn Grain,Uruçuí,
D_COPR_XAP_BR,Milho,Corn Grain,Chapecó,
D_EtD6As_US_2018,Etanol,Ethanol RIN D6,EUA,
D_EtD6As_US_2019,Etanol,Ethanol RIN D6,EUA,
D_EtD6As_US_2020,Etanol,Ethanol RIN D6,EUA,
D_EtD6As_US_2021,Etanol,Ethanol RIN D6,EUA,
D_EtD6As_US_2022,Etanol,Ethanol RIN D6,EUA,
D_EtD6As_US_2023,Etanol,Ethanol RIN D6,EUA,
D_EtD6Bi_US_2018,Etanol,Ethanol RIN D6,EUA,
D_EtD6Bi_US_2019,Etanol,Ethanol RIN D6,EUA,
D_EtD6Bi_US_2020,Etanol,Ethanol RIN D6,EUA,
D_EtD6Bi_US_2021,Etanol,Ethanol RIN D6,EUA,
D_EtD6Bi_US_2022,Etanol,Ethanol RIN D6,EUA,
D_EtD6Bi_US_2023,Etanol,Ethanol RIN D6,EUA,
D_EtD6Pr_US_2018,Etanol,Ethanol RIN D6,EUA,
D_EtD6Pr_US_2019,Etanol,Ethanol RIN D6,EUA,
D_EtD6Pr_US_2020,Etanol,Ethanol RIN D6,EUA,
D_EtD6Pr_US_2021,Etanol,Ethanol RIN D6,EUA,
D_EtD6Pr_US_2022,Etanol,Ethanol RIN D6,EUA,
D_EtD6Pr_US_2023,Etanol,Ethanol RIN D6,EUA,
BLPR_ME,Pecuária,Steer Bloodmeal,,
BOEX_BR,Pecuária,Slaughter Cattle,,
BOEX_BR_1,Pecuária,Slaughter Cattle,,
BOEX_BR_2,Pecuária,Slaughter Cattle,,
CaPr_Ms_BR,Pecuária,,Mato Grosso do Sul,
CaPr_Sp_BR,Pecuária,,São Paulo,
CePr_Sp_BR,Pecuária,,São Paulo,
CEPRAV_SP_BR,Pecuária,,São Paulo,
ChCCPr_Sp_BR,Pecuária,,São Paulo,
ChChPr_Sp_BR,Pecuária,,São Paulo,
CHEX_BR,Pecuária,Slaughter Cattle,,
CHEX_BR_1,Pecuária,Slaughter Cattle,,
CHEX_BR_2,Pecuária,Slaughter Cattle,,
CHPR_FT,Pecuária,,,
CHPR_ME,Pecuária,,,
D_PEDI_BA_BR,Pecuária,Slaughter Cattle,Bahia,
D_PEDI_GO_BR,Pecuária,Slaughter Cattle,Goiás,
D_PEDI_MG_BR,Pecuária,Slaughter Cattle,Minas Gerais,
D_PEDI_MS_BR,Pecuária,Slaughter Cattle,Mato Grosso do Sul,
D_PEDI_MT_BR,Pecuária,Slaughter Cattle,Mato Grosso,
D_PEDI_PA_BR,Pecuária,Slaughter Cattle,Pará,
D_PEDI_RO_BR,Pecuária,Slaughter Cattle,Rondônia,
D_PEDI_TO_BR,Pecuária,Slaughter Cattle,Tocantins,
D_PEES_BA_BR,Pecuária,Slaughter Cattle,Bahia,
D_PEES_BR,Pecuária,Slaughter Cattle,,
D_PEES_GO_BR,Pecuária,Slaughter Cattle,Goiás,
D_PEES_MG_BR,Pecuária,Slaughter Cattle,Minas Gerais,
D_PEES_MS_BR,Pecuária,Slaughter Cattle,Mato Grosso do Sul,
D_PEES_MT_BR,Pecuária,Slaughter Cattle,Mato Grosso,
D_PEES_PA_BR,Pecuária,Slaughter Cattle,Pará,
D_PEES_RO_BR,Pecuária,Slaughter Cattle,Rondônia,
D_PEES_SP_BR,Pecuária,Slaughter Cattle,São Paulo,
D_PEES_TO_BR,Pecuária,Slaughter Cattle,Tocantins,
D_PEPR_BA_BR,Pecuária,Slaughter Cattle,Bahia,
D_PEPR_BR,Pecuária,Slaughter Cattle,,
D_PEPR_GO_BR,Pecuária,Slaughter Cattle,Goiás,
D_PEPR_MG_BR,Pecuária,Slaughter Cattle,Minas Gerais,
D_PEPR_MS_BR,Pecuária,Slaughter Cattle,Mato Grosso do Sul,
D_PEPR_MT_BR,Pecuária,Slaughter Cattle,Mato Grosso,
D_PEPR_PA_BR,Pecuária,Slaughter Cattle,Pará,
D_PEPR_RO_BR,Pecuária,Slaughter Cattle,Rondônia,
D_PEPR_SP_BR,Pecuária,Slaughter Cattle,São Paulo,
D_PEPR_TO_BR,Pecuária,Slaughter Cattle,Tocantins,
MEPR_BOME,Pecuária,Steer Meatbone Meal,,
MEPR_TA,Pecuária,,,
SWEX_BR,Pecuária,Slaughter Cattle,,
SWEX_BR_1,Pecuária,Slaughter Cattle,,
SWEX_BR_2,Pecuária,Slaughter Cattle,,
DiLsPr_Gc_US,Petróleo,Low Sulfur,EUA,
DiLsPr_La_US,Petróleo,Low Sulfur,EUA,
DiLsPr_Ne_US,Petróleo,Low Sulfur,EUA,
OHPr_Ne_US,Petróleo,Oil and Biofuels,EUA,
OiBrPr_Eu_GB,Petróleo,Brent,Europa,
OiWzPr_Ok_US,Petróleo,Wti,EUA,
VcDiSl_BR,Petróleo,Flex Fuel,,
VcDiSl_BR_1,Petróleo,Flex Fuel,,
VcElSl_BR,Petróleo,Flex Fuel,,
VcElSl_BR_1,Petróleo,Flex Fuel,,
VcEtSl_BR,Petróleo,Flex Fuel,,
VcEtSl_BR_1,Petróleo,Flex Fuel,,
VcFfSl_BR,Petróleo,Flex Fuel,,
VcFfSl_BR_1,Petróleo,Flex Fuel,,
VcGaSl_BR,Petróleo,Flex Fuel,,
VcGaSl_BR_1,Petróleo,Flex Fuel,,
VcTtSl_BR,Petróleo,Flex Fuel,,
AMPR,Químicos,,,
AMPR_60,Químicos,,,
AMPR_80,Químicos,,,
AMPR_90,Químicos,,,
BEPR_GC_GC_US,Químicos,,,
BTPR_GC_GC_US,Químicos,,,
CBPR_CB,Químicos,,,
CMPR_BNME,Químicos,,,
CMPR_OI,Químicos,,,
DTPR_TH,Químicos,,,
EHPR_LA,Químicos,,,
FAPR_VG,Químicos,,,
GLPR,Químicos,,,
GLPR_BI_DS,Químicos,,,
HEPR,Químicos,,,
KCPR_GO_BR,Químicos,Potassium chloride,Goiás,
KCPR_MS_BR,Químicos,Potassium chloride,Mato Grosso do Sul,
KCPR_PR_BR,Químicos,Potassium chloride,Paraná,
KCPR_SP_BR,Químicos,Potassium chloride,São Paulo,
LAPR_AN,Químicos,,,
MNPR_OIWTTC,Químicos,,,
MNPR_OIWTUSP,Químicos,,,
MPBR_MG_BR,Químicos,Monoammonium Phosphate,Minas Gerais,
MPBR_MS_BR,Químicos,Monoammonium Phosphate,Mato Grosso do Sul,
MPBR_PR_BR,Químicos,Monoammonium Phosphate,Paraná,
MTPR_GC_GC_US,Químicos,,Golfo,
NAPR_TRPH,Químicos,,,
NOPR,Químicos,,,
PIPR_OI,Químicos,,,
POPR_CS,Químicos,,,
PpPr_Tx_US,Químicos,Propane,,
SDPR_CS,Químicos,,,
SRPR,Químicos,,,
STPR_12HD,Químicos,,,
STPR_CI,Químicos,,,
STPR_FT_SBOI,Químicos,,,
STPR_FT_TA,Químicos,,,
STPR_PH,Químicos,,,
STPR_SN,Químicos,,,
STPR_ST_DP,Químicos,,,
STPR_ST_TP,Químicos,,,
TOPR_GC_GC_US,Químicos,,,
TUPR_OI,Químicos,,,
URPR_Go_BR,Químicos,Urea,,
URPR_MS_BR,Químicos,Urea,,
URPR_SP_BR,Químicos,Urea,,
VAPR,Químicos,,,
VAPR_LQ,Químicos,,,
XYPR_GC_GC_US,Químicos,,Golfo,
D_SB_PM_GMX_US,Soja,Soybean Grain,Golfo do México,
D_SB_PM_GMX_US_F,Soja,Soybean Grain,Golfo do México,
D_SB_PM_GMX_US_G,Soja,Soybean Grain,Golfo do México,
D_SB_PM_GMX_US_H,Soja,Soybean Grain,Golfo do México,
D_SB_PM_GMX_US_J,Soja,Soybean Grain,Golfo do México,
D_SB_PM_GMX_US_K,Soja,Soybean Grain,Golfo do México,
D_SB_PM_GMX_US_M,Soja,Soybean Grain,Golfo do México,
D_SB_PM_GMX_US_N,Soja,Soybean Grain,Golfo do México,
D_SB_PM_GMX_US_Q,Soja,Soybean Grain,Golfo do México,
D_SB_PM_GMX_US_U,Soja,Soybean Grain,Golfo do México,
D_SB_PM_GMX_US_V,Soja,Soybean Grain,Golfo do México,
D_SB_PM_GMX_US_X,Soja,Soybean Grain,Golfo do México,
D_SB_PM_GMX_US_Z,Soja,Soybean Grain,Golfo do México,
D_SB_PM_RIG_BR,Soja,Soybean Grain,Rio Grande,
D_SB_PM_ROS_AR,Soja,Soybean Grain,Rosario,
D_SB_PM_ROS_AR_F,Soja,Soybean Grain,Rosario,
D_SB_PM_ROS_AR_G,Soja,Soybean Grain,Rosario,
D_SB_PM_ROS_AR_H,Soja,Soybean Grain,Rosario,
D_SB_PM_ROS_AR_J,Soja,Soybean Grain,Rosario,
D_SB_PM_ROS_AR_K,Soja,Soybean Grain,Rosario,
D_SB_PM_ROS_AR_M,Soja,Soybean Grain,Rosario,
D_SB_PM_ROS_AR_N,Soja,Soybean Grain,Rosario,
D_SB_PM_ROS_AR_Q,Soja,Soybean Grain,Rosario,
D_SB_PM_ROS_AR_U,Soja,Soybean Grain,Rosario,
D_SB_PM_ROS_AR_V,Soja,Soybean Grain,Rosario,
D_SB_PM_ROS_AR_X,Soja,Soybean Grain,Rosario,
D_SB_PM_ROS_AR_Z,Soja,Soybean Grain,Rosario,
D_SB_PM_SAF_BR,Soja,Soybean Grain,São Francisco Do Sul,
D_SB_PM_SAN_BR,Soja,Soybean Grain,Santos,
D_SBFW_BCA_BR,Soja,Soybean Grain,Barcarena,
D_SBFW_BSS_BR,Soja,Soybean Grain,Balsas,
D_SBFW_BVH_BR,Soja,Soybean Grain,Vilhena,
D_SBFW_CAC_BR,Soja,Soybean Grain,Cascavel,
D_SBFW_CGR_BR,Soja,Soybean Grain,Campo Grande,
D_SBFW_CHS_BR,Soja,Soybean Grain,Chapadão Do Sul,
D_SBFW_CMN_BR,Soja,Soybean Grain,Campos Novos,
D_SBFW_CNM_BR,Soja,Soybean Grain,Cândido Mota,
D_SBFW_CNP_BR,Soja,Soybean Grain,Campo Novo Do Parecis,
D_SBFW_CNR_BR,Soja,Soybean Grain,Canarana,
D_SBFW_CZA_BR,Soja,Soybean Grain,Cruz Alta,
D_SBFW_DMT_BR,Soja,Soybean Grain,Diamantino,
D_SBFW_DOU_BR,Soja,Soybean Grain,Dourados,
D_SBFW_FOR_BR,Soja,Soybean Grain,Formosa,
D_SBFW_GOT_BR,Soja,Soybean Grain,Goiatuba,
D_SBFW_GPB_BR,Soja,Soybean Grain,Guarapuava,
D_SBFW_GRP_BR,Soja,Soybean Grain,Gurupi,
D_SBFW_IRM_BR,Soja,Soybean Grain,Iraí De Minas,
D_SBFW_ITI_BR,Soja,Soybean Grain,Itiquira,
D_SBFW_JCB_BR,Soja,Soybean Grain,Joaçaba CIF,
D_SBFW_JLC_BR,Soja,Soybean Grain,Júlio De Castilhos,
D_SBFW_LAZ_BR,Soja,Soybean Grain,Bom Jesus,
D_SBFW_LDB_BR,Soja,Soybean Grain,Londrina,
D_SBFW_LEM_BR,Soja,Soybean Grain,Luiz Eduardo Magalhães,
D_SBFW_MGF_BR,Soja,Soybean Grain,Maringá,
D_SBFW_MRC_BR,Soja,Soybean Grain,Maracaju,
D_SBFW_OPS_BR,Soja,Soybean Grain,Sinop,
D_SBFW_ORL_BR,Soja,Soybean Grain,Orlândia,
D_SBFW_PBR_BR,Soja,Soybean Grain,Pato Branco,
D_SBFW_PDA_BR,Soja,Soybean Grain,Pedro Afonso,
D_SBFW_PFB_BR,Soja,Soybean Grain,Passo Fundo,
D_SBFW_PGZ_BR,Soja,Soybean Grain,Ponta Grossa,
D_SBFW_PLT_BR,Soja,Soybean Grain,Palotina,
D_SBFW_PMG_BR,Soja,Soybean Grain,Ponta Porã,
D_SBFW_PNB_BR,Soja,Soybean Grain,Porto Nacional,
D_SBFW_PNG_BR,Soja,Soybean Grain,Paranaguá,
D_SBFW_PRG_BR,Soja,Soybean Grain,Paragominas,
D_SBFW_PRL_BR,Soja,Soybean Grain,Primavera Do Leste,
D_SBFW_PTR_BR,Soja,Soybean Grain,Patrocínio,
D_SBFW_QRN_BR,Soja,Soybean Grain,Querência,
D_SBFW_RIG_BR,Soja,Soybean Grain,Rio Grande,
D_SBFW_ROO_BR,Soja,Soybean Grain,Rondonópolis,
D_SBFW_RVD_BR,Soja,Soybean Grain,Rio Verde,
D_SBFW_SAF_BR,Soja,Soybean Grain,São Francisco Do Sul,
D_SBFW_SAN_BR,Soja,Soybean Grain,Santos,
D_SBFW_SGO_BR,Soja,Soybean Grain,São Gabriel Do Oeste,
D_SBFW_SLZ_BR,Soja,Soybean Grain,São Luis,
D_SBFW_SMT_BR,Soja,Soybean Grain,Sorriso,
D_SBFW_SPZ_BR,Soja,Soybean Grain,Sapezal,
D_SBFW_SRS_BR,Soja,Soybean Grain,Santa Rosa,
D_SBFW_UDI_BR,Soja,Soybean Grain,Uberlândia,
D_SBFW_UNB_BR,Soja,Soybean Grain,Unaí,
D_SBFW_URC_BR,Soja,Soybean Grain,Uruçuí,
D_SBPM_PNG_BR,Soja,Soybean Grain,Paranaguá,
D_SBPM_PNG_BR_G,Soja,Soybean Grain,Paranaguá,
D_SBPM_PNG_BR_H,Soja,Soybean Grain,Paranaguá,
D_SBPM_PNG_BR_J,Soja,Soybean Grain,Paranaguá,
D_SBPM_PNG_BR_K,Soja,Soybean Grain,Paranaguá,
D_SBPM_PNG_BR_M,Soja,Soybean Grain,Paranaguá,
D_SBPM_PNG_BR_N,Soja,Soybean Grain,Paranaguá,
D_SBPM_PNG_BR_Q,Soja,Soybean Grain,Paranaguá,
D_SBPM_PNG_BR_U,Soja,Soybean Grain,Paranaguá,
D_SBPM_PNG_BR_V,Soja,Soybean Grain,Paranaguá,
D_SBPM_PNG_BR_X,Soja,Soybean Grain,Paranaguá,
D_SBPM_PNG_BR_Z,Soja,Soybean Grain,Paranaguá,
D_SBPR_BCA_BR,Soja,Soybean Grain,Barcarena,
D_SBPR_BSS_BR,Soja,Soybean Grain,Balsas,
D_SBPR_BVH_BR,Soja,Soybean Grain,Vilhena,
D_SBPR_CAC_BR,Soja,Soybean Grain,Cascavel,
D_SBPR_CGR_BR,Soja,Soybean Grain,Campo Grande,
D_SBPR_CHS_BR,Soja,Soybean Grain,Chapadão Do Sul,
D_SBPR_CMN_BR,Soja,Soybean Grain,Campos Novos,
D_SBPR_CNM_BR,Soja,Soybean Grain,Cândido Mota,
D_SBPR_CNP_BR,Soja,Soybean Grain,Campo Novo Do Parecis,
D_SBPR_CNR_BR,Soja,Soybean Grain,Canarana,
D_SBPR_CZA_BR,Soja,Soybean Grain,Cruz Alta,
D_SBPR_DMT_BR,Soja,Soybean Grain,Diamantino,
D_SBPR_DOU_BR,Soja,Soybean Grain,Dourados,
D_SBPR_FOR_BR,Soja,Soybean Grain,Formosa,
D_SBPR_GOT_BR,Soja,Soybean Grain,Goiatuba,
D_SBPR_GPB_BR,Soja,Soybean Grain,Guarapuava,
D_SBPR_GRP_BR,Soja,Soybean Grain,Gurupi,
D_SBPR_IRM_BR,Soja,Soybean Grain,Iraí De Minas,
D_SBPR_ITI_BR,Soja,Soybean Grain,Itiquira,
D_SBPR_JCB_BR,Soja,Soybean Grain,Joaçaba CIF,
D_SBPR_JLC_BR,Soja,Soybean Grain,Júlio De Castilhos,
D_SBPR_LAZ_BR,Soja,Soybean Grain,Bom Jesus,
D_SBPR_LDB_BR,Soja,Soybean Grain,Londrina,
D_SBPR_LEM_BR,Soja,Soybean Grain,Luiz Eduardo Magalhães,
D_SBPR_LRV_BR,Soja,Soybean Grain,Lucas Do Rio Verde,
D_SBPR_MGF_BR,Soja,Soybean Grain,Maringá,
D_SBPR_MRC_BR,Soja,Soybean Grain,Maracaju,
D_SBPR_OPS_BR,Soja,Soybean Grain,Sinop,
D_SBPR_ORL_BR,Soja,Soybean Grain,Orlândia,
D_SBPR_PBR_BR,Soja,Soybean Grain,Pato Branco,
D_SBPR_PDA_BR,Soja,Soybean Grain,Pedro Afonso,
D_SBPR_PFB_BR,Soja,Soybean Grain,Passo Fundo,
D_SBPR_PGZ_BR,Soja,Soybean Grain,Ponta Grossa,
D_SBPR_PLT_BR,Soja,Soybean Grain,Palotina,
D_SBPR_PMG_BR,Soja,Soybean Grain,Ponta Porã,
D_SBPR_PNB_BR,Soja,Soybean Grain,Porto Nacional,
D_SBPR_PNG_BR,Soja,Soybean Grain,Paranaguá,
D_SBPR_PRG_BR,Soja,Soybean Grain,Paragominas,
D_SBPR_PRL_BR,Soja,Soybean Grain,Primavera Do Leste,
D_SBPR_PTR_BR,Soja,Soybean Grain,Patrocínio,
D_SBPR_QRN_BR,Soja,Soybean Grain,Querência,
D_SBPR_RIG_BR,Soja,Soybean Grain,Rio Grande,
D_SBPR_ROO_BR,Soja,Soybean Grain,Rondonópolis,
D_SBPR_RVD_BR,Soja,Soybean Grain,Rio Verde,
D_SBPR_SAF_BR,Soja,Soybean Grain,São Francisco Do Sul,
D_SBPR_SAN_BR,Soja,Soybean Grain,Santos,
D_SBPR_SGO_BR,Soja,Soybean Grain,São Gabriel Do Oeste,
D_SBPR_SLZ_BR,Soja,Soybean Grain,São Luis,
D_SBPR_SMT_BR,Soja,Soybean Grain,Sorriso,
D_SBPR_SPZ_BR,Soja,Soybean Grain,Sapezal,
D_SBPR_SRS_BR,Soja,Soybean Grain,Santa Rosa,
D_SBPR_UDI_BR,Soja,Soybean Grain,Uberlândia,
D_SBPR_UNB_BR,Soja,Soybean Grain,Unaí,
D_SBPR_URC_BR,Soja,Soybean Grain,Uruçuí,
D_SM_PM_ROS_AR,Soja,Soybean Meal,Rosario,
D_SMPM_PNG_BR,Soja,Soybean Meal,Paranaguá,
D_SMPM_PNG_BR_F,Soja,Soybean Meal,Paranaguá,
D_SMPM_PNG_BR_G,Soja,Soybean Meal,Paranaguá,
D_SMPM_PNG_BR_H,Soja,Soybean Meal,Paranaguá,
D_SMPM_PNG_BR_J,Soja,Soybean Meal,Paranaguá,
D_SMPM_PNG_BR_K,Soja,Soybean Meal,Paranaguá,
D_SMPM_PNG_BR_M,Soja,Soybean Meal,Paranaguá,
D_SMPM_PNG_BR_N,Soja,Soybean Meal,Paranaguá,
D_SMPM_PNG_BR_Q,Soja,Soybean Meal,Paranaguá,
D_SMPM_PNG_BR_U,Soja,Soybean Meal,Paranaguá,
D_SMPM_PNG_BR_V,Soja,Soybean Meal,Paranaguá,
D_SMPM_PNG_BR_X,Soja,Soybean Meal,Paranaguá,
D_SMPM_PNG_BR_Z,Soja,Soybean Meal,Paranaguá,
D_SMPR_DOU_BR,Soja,Soybean Meal,Dourados,
D_SMPR_MGF_BR,Soja,Soybean Meal,Maringá,
D_SMPR_PFB_BR,Soja,Soybean Meal,Passo Fundo,
D_SMPR_PGZ_BR,Soja,Soybean Meal,Ponta Grossa,
D_SMPR_ROO_BR,Soja,Soybean Meal,Rondonópolis,
D_SMPR_RVD_BR,Soja,Soybean Meal,Rio Verde,
D_SMPR_SP_BR,Soja,Soybean Meal,São Paulo,
D_SMPR_UDI_BR,Soja,Soybean Meal,Uberlândia,
D_SMPR_XAP_BR,Soja,Soybean Meal,Chapecó,
D_SO_PM_ROS_AR,Soja,Soybean Oil,Rosario,
D_SoFr_BSSSLZ_BR,Soja,Soybean Grain,Balsas,
D_SoFr_CACPNG_BR,Soja,Soybean Grain,Cascavel,
D_SoFr_CAPSAN_BR,Soja,Soybean Grain,Capinõpolis,
D_SoFr_CNMSAN_BR,Soja,Soybean Grain,Cândido Mota,
D_SoFr_CZARIG_BR,Soja,Soybean Grain,Cruz Alta,
D_SoFr_DOUPNG_BR,Soja,Soybean Grain,Dourados,
D_SoFr_DOUSAN_BR,Soja,Soybean Grain,Dourados,
D_SoFr_LEMSSA_BR,Soja,Soybean Grain,Luiz Eduardo Magalhães,
D_SoFr_MGFPNG_BR,Soja,Soybean Grain,Maringá,
D_SoFr_ORLSAN_BR,Soja,Soybean Grain,Orlândia,
D_SoFr_PDAPAL_BR,Soja,Soybean Grain,Pedro Afonso,
D_SoFr_PFBRIG_BR,Soja,Soybean Grain,Passo Fundo,
D_SoFr_PGZPNG_BR,Soja,Soybean Grain,Ponta Grossa,
D_SoFr_ROOPNG_BR,Soja,Soybean Grain,Rondonópolis,
D_SoFr_RVDSAN_BR,Soja,Soybean Grain,Rio Verde,
D_SoFr_SGOPNG_BR,Soja,Soybean Grain,São Gabriel Do Oeste,
D_SoFr_SMTMIR_BR,Soja,Soybean Grain,Sorriso,
D_SoFr_SMTPNG_BR,Soja,Soybean Grain,Sorriso,
D_SoFr_SRSRIG_BR,Soja,Soybean Grain,Santa Rosa,
D_SoFr_UDISAN_BR,Soja,Soybean Grain,Uberlândia,
D_SoFr_XAPSAF_BR,Soja,Soybean Grain,Chapecó,
D_SOPM_PNG_BR,Soja,Soybean Oil,Paranaguá,
D_SOPM_PNG_BR_F,Soja,Soybean Oil,Paranaguá,
D_SOPM_PNG_BR_G,Soja,Soybean Oil,Paranaguá,
D_SOPM_PNG_BR_H,Soja,Soybean Oil,Paranaguá,
D_SOPM_PNG_BR_J,Soja,Soybean Oil,Paranaguá,
D_SOPM_PNG_BR_K,Soja,Soybean Oil,Paranaguá,
D_SOPM_PNG_BR_M,Soja,Soybean Oil,Paranaguá,
D_SOPM_PNG_BR_N,Soja,Soybean Oil,Paranaguá,
D_SOPM_PNG_BR_Q,Soja,Soybean Oil,Paranaguá,
D_SOPM_PNG_BR_U,Soja,Soybean Oil,Paranaguá,
D_SOPM_PNG_BR_V,Soja,Soybean Oil,Paranaguá,
D_SOPM_PNG_BR_X,Soja,Soybean Oil,Paranaguá,
D_SOPM_PNG_BR_Z,Soja,Soybean Oil,Paranaguá,
D_SOPR_DOU_BR,Soja,Soybean Oil,Dourados,
D_SOPR_MGF_BR,Soja,Soybean Oil,Maringá,
D_SOPR_PFB_BR,Soja,Soybean Oil,Passo Fundo,
D_SOPR_PGZ_BR,Soja,Soybean Oil,Ponta Grossa,
D_SOPR_ROO_BR,Soja,Soybean Oil,Rondonópolis,
D_SOPR_RVD_BR,Soja,Soybean Oil,Rio Verde,
D_SOPR_SP_BR,Soja,Soybean Oil,São Paulo,
D_SOPR_UDI_BR,Soja,Soybean Oil,Uberlândia,
D_SOPR_XAP_BR,Soja,Soybean Oil,Chapecó,
SbDe_WW,Soja,Soybean Grain,,
SbES_WW,Soja,Soybean Grain,,
SbPd_WW,Soja,Soybean Grain,,
SBPR,Soja,Soybean Grain,,
SBPR_LC,Soja,Soybean Grain,,
SBPR_MECR,Soja,Soybean Meal,,
SBPR_OIDGCR,Soja,Soybean Oil,,
SbPr_US,Soja,Soybean Grain,EUA,
SbPr_WW,Soja,Soybean Grain,,
SbSbPr_Pr_BR,Soja,Soybean Grain,Paraná,
SMPR_SO,Soja,Soybean Meal,,
SOPR_SO,Soja,Soybean Oil,,
D_WHH_PM_GMX_US,Trigo,Wheat Grain,Golfo do México,
D_WHH_PM_GMX_US_F,Trigo,Wheat Grain,Golfo do México,
D_WHH_PM_GMX_US_G,Trigo,Wheat Grain,Golfo do México,
D_WHH_PM_GMX_US_H,Trigo,Wheat Grain,Golfo do México,
D_WHH_PM_GMX_US_J,Trigo,Wheat Grain,Golfo do México,
D_WHH_PM_GMX_US_K,Trigo,Wheat Grain,Golfo do México,
D_WHH_PM_GMX_US_M,Trigo,Wheat Grain,Golfo do México,
D_WHH_PM_GMX_US_N,Trigo,Wheat Grain,Golfo do México,
D_WHH_PM_GMX_US_Q,Trigo,Wheat Grain,Golfo do México,
D_WHH_PM_GMX_US_U,Trigo,Wheat Grain,Golfo do México,
D_WHH_PM_GMX_US_V,Trigo,Wheat Grain,Golfo do México,
D_WHH_PM_GMX_US_X,Trigo,Wheat Grain,Golfo do México,
D_WHH_PM_GMX_US_Z,Trigo,Wheat Grain,Golfo do México,
D_WHH_PM_ROS_US,Trigo,Wheat Grain,Rosario,
D_WHH_PM_ROS_US_F,Trigo,Wheat Grain,Rosario,
D_WHH_PM_ROS_US_G,Trigo,Wheat Grain,Rosario,
D_WHH_PM_ROS_US_H,Trigo,Wheat Grain,Rosario,
D_WHH_PM_ROS_US_J,Trigo,Wheat Grain,Rosario,
D_WHH_PM_ROS_US_K,Trigo,Wheat Grain,Rosario,
D_WHH_PM_ROS_US_M,Trigo,Wheat Grain,Rosario,
D_WHH_PM_ROS_US_N,Trigo,Wheat Grain,Rosario,
D_WHH_PM_ROS_US_Q,Trigo,Wheat Grain,Rosario,
D_WHH_PM_ROS_US_U,Trigo,Wheat Grain,Rosario,
D_WHH_PM_ROS_US_V,Trigo,Wheat Grain,Rosario,
D_WHH_PM_ROS_US_X,Trigo,Wheat Grain,Rosario,
D_WHH_PM_ROS_US_Z,Trigo,Wheat Grain,Rosario,
D_WHPR_CAC_BR,Trigo,Wheat Grain,Cascavel,
D_WHPR_CMN_BR,Trigo,Wheat Grain,Campos Novos,
D_WHPR_CZA_BR,Trigo,Wheat Grain,Cruz Alta,
D_WHPR_GIA_BR,Trigo,Wheat Grain,Girua,
D_WHPR_GPB_BR,Trigo,Wheat Grain,Guarapuava,
D_WHPR_GYN_BR,Trigo,Wheat Grain,Goiânia,
D_WHPR_ICA_BR,Trigo,Wheat Grain,Cristalina,
D_WHPR_ITA_BR,Trigo,Wheat Grain,Itaberaba,
D_WHPR_LDB_BR,Trigo,Wheat Grain,Londrina,
D_WHPR_MGF_BR,Trigo,Wheat Grain,Maringá,
D_WHPR_PFB_BR,Trigo,Wheat Grain,Passo Fundo,
D_WHPR_PGZ_BR,Trigo,Wheat Grain,Ponta Grossa,
D_WHPR_POA_BR,Trigo,Wheat Grain,Porto Alegre,
D_WHPR_PPA_BR,Trigo,Wheat Grain,Paranapanema,
D_WHPR_SRS_BR,Trigo,Wheat Grain,Santa Rosa,
D_WHPR_XAP_BR,Trigo,Wheat Grain,Chapecó,
D_WHS_PM_GMX_US,Trigo,Wheat Grain,Golfo do México,
D_WHS_PM_GMX_US_F,Trigo,Wheat Grain,Golfo do México,
D_WHS_PM_GMX_US_G,Trigo,Wheat Grain,Golfo do México,
D_WHS_PM_GMX_US_H,Trigo,Wheat Grain,Golfo do México,
D_WHS_PM_GMX_US_J,Trigo,Wheat Grain,Golfo do México,
D_WHS_PM_GMX_US_K,Trigo,Wheat Grain,Golfo do México,
D_WHS_PM_GMX_US_M,Trigo,Wheat Grain,Golfo do México,
D_WHS_PM_GMX_US_N,Trigo,Wheat Grain,Golfo do México,
D_WHS_PM_GMX_US_Q,Trigo,Wheat Grain,Golfo do México,
D_WHS_PM_GMX_US_U,Trigo,Wheat Grain,Golfo do México,
D_WHS_PM_GMX_US_V,Trigo,Wheat Grain,Golfo do México,
D_WHS_PM_GMX_US_X,Trigo,Wheat Grain,Golfo do México,
D_WHS_PM_GMX_US_Z,Trigo,Wheat Grain,Golfo do México,
D_WHS_PM_ROS_US,Trigo,Wheat Grain,Rosario,
D_WHS_PM_ROS_US_F,Trigo,Wheat Grain,Rosario,
D_WHS_PM_ROS_US_G,Trigo,Wheat Grain,Rosario,
D_WHS_PM_ROS_US_H,Trigo,Wheat Grain,Rosario,
D_WHS_PM_ROS_US_J,Trigo,Wheat Grain,Rosario,
D_WHS_PM_ROS_US_K,Trigo,Wheat Grain,Rosario,
D_WHS_PM_ROS_US_M,Trigo,Wheat Grain,Rosario,
D_WHS_PM_ROS_US_N,Trigo,Wheat Grain,Rosario,
D_WHS_PM_ROS_US_Q,Trigo,Wheat Grain,Rosario,
D_WHS_PM_ROS_US_U,Trigo,Wheat Grain,Rosario,
D_WHS_PM_ROS_US_V,Trigo,Wheat Grain,Rosario,
D_WHS_PM_ROS_US_X,Trigo,Wheat Grain,Rosario,
D_WHS_PM_ROS_US_Z,Trigo,Wheat Grain,Rosario,
WhDe_WW_2,Trigo,Wheat Grain,,
WhES_WW_1,Trigo,Wheat Grain,,
WhPd_WW,Trigo,Wheat Grain,,
WHPR,Trigo,Wheat Grain,,
WHPR_BR,Trigo,Wheat Bran,,
WhPr_EU,Trigo,Wheat Grain,Europa,
WhPr_US,Trigo,Wheat Grain,EUA,
WhPr_WW,Trigo,Wheat Grain,,
WhWhPr_Pr_BR,Trigo,Wheat Grain,Paraná,
BBPR_OI,Outros,,,
CcPr_WW,Outros,,,
CIPR_PP,Outros,,,
CJPR_NSLQ,Outros,,,
CPPR_OI,Outros,,,
CRPR_WX,Outros,,,
CUPR_OI,Outros,,,
CVPR_ST,Outros,,,
CZPR_OICR,Outros,,,
DDG,Outros,,,
EUPR_OI,Outros,,,
FEPR_ME,Outros,,,
FIPR_ME,Outros,,,
FIPR_OI,Outros,,,
OLPR_OI_VIR,Outros,,,
PAPR_KEME,Outros,,,
PAPR_KEOI,Outros,,,
PAPR_OI_R,Outros,,,
PAPR_OICR,Outros,,,
PAPR_OL,Outros,,,
TtPr_WW,Outros,Soybean Grain,,
